Top rotor RPM,Bottom rotor RPM,x/Diameter,z/Diameter,Top rotor thrust (N),Bottom rotor thrust (N),Top rotor torque (Nm),Bottom rotor torque (Nm),Mic1,Mic2,Mic3,Mic4,Mic5,Mic6,Mic7,Mic8,Mic9
12780.0,0.0,1.1,0.875,1.9402,0.034878,0.016482,0.00025949,53.643918,53.428352,55.320319000000005,56.93927500000001,55.279936,55.537091,55.77023799999999,53.643918,53.643918
17040.0,0.0,1.1,0.875,3.7354,0.12066,0.036488,0.00088056,59.913918,63.248352,60.420319000000006,64.429275,65.179936,63.007091,61.880238,59.913918,59.913918
0.0,12780.0,1.1,0.875,0.19231,0.028006,0.010028,0.00031436,57.503918,56.998352,56.010319,57.489275,57.66993599999999,57.277091,59.21023799999999,57.503918,57.503918
0.0,17040.0,1.1,0.875,0.26315,0.047732,0.012996,0.00041195,62.983918,60.648352,60.890319,63.529275,63.759936,64.287091,61.670238,62.983918,62.983918
12780.0,17040.0,1.1,0.875,1.7566,0.018679,0.01631,0.00010392,63.913918,62.56835199999999,62.470318999999996,64.949275,65.349936,65.31709099999999,64.090238,63.913918,63.913918
12780.0,12780.0,0.0,1.5,1.9106,0.14062,0.011021,0.0010331,68.433918,69.26835200000001,68.770319,70.339275,70.259936,69.907091,73.42023800000001,68.433918,68.433918
17040.0,17040.0,0.0,1.5,2.6649,0.21048,0.032141,0.0015399,77.12664527272727,77.69380654545454,76.83395536363638,79.1010931818182,78.78902690909091,78.70800009090908,82.33387436363635,77.12664527272727,77.12664527272727
17040.0,12780.0,0.0,1.5,3.3877,0.20835,0.032137,0.0015207,72.873918,73.33835200000001,73.040319,74.759275,74.43993599999999,74.127091,77.720238,72.873918,72.873918
12780.0,17040.0,0.0,1.5,0.63867,0.11508,0.015963,0.00080485,71.69028163636362,72.09380654545454,72.01577354545454,73.49200227272728,73.70720872727273,73.55345463636364,76.77932890909092,71.69028163636362,71.69028163636362
12780.0,12780.0,0.275,1.5,1.172,0.1511,0.0096659,0.0011996,65.463918,66.62835199999999,65.61031899999998,67.629275,67.539936,66.027091,70.43023799999999,65.463918,65.463918
17040.0,17040.0,0.275,1.5,2.0292,0.15828,0.023723,0.0011896,74.11755436363636,73.93926109090908,74.06122809090908,76.54654772727272,76.19811781818181,76.47163645454545,78.80660163636365,74.11755436363636,74.11755436363636
17040.0,12780.0,0.275,1.5,2.4563,0.14534,0.031152,0.001024,70.97209981818182,70.9574429090909,71.32486445454546,73.819275,72.72539054545456,73.38981827272727,75.75205618181818,70.97209981818182,70.97209981818182
12780.0,17040.0,0.275,1.5,0.45429,0.090101,0.0088889,0.00061279,69.37209981818182,70.11198836363636,69.4794099090909,71.65563863636365,72.42539054545455,71.05345463636364,74.20660163636363,69.37209981818182,69.37209981818182
12780.0,12780.0,0.55,1.5,1.4138,0.12518,0.014768,0.00086127,64.643918,65.27835200000001,64.160319,66.369275,66.459936,65.097091,69.01023799999999,64.643918,64.643918
17040.0,17040.0,0.55,1.5,2.4926,0.15645,0.03112,0.0011597,73.57209981818183,72.81198836363636,74.07940990909091,77.19200227272728,76.45266327272726,77.69890918181818,77.55205618181819,73.57209981818183,73.57209981818183
17040.0,12780.0,0.55,1.5,3.0191,0.10958,0.02953,0.00068456,70.673918,69.888352,71.060319,74.029275,72.75993600000001,74.33709100000002,74.980238,70.673918,70.673918
12780.0,17040.0,0.55,1.5,0.98316,0.12922,0.01669,0.0010112,67.633918,68.218352,66.78031899999999,69.799275,70.399936,69.327091,71.890238,67.633918,67.633918
12780.0,12780.0,0.825,1.5,1.6181,0.09738,0.017083,0.00077194,63.293918000000005,63.728351999999994,63.220318999999996,64.75927499999999,65.579936,63.57709100000001,66.120238,63.293918000000005,63.293918000000005
17040.0,17040.0,0.825,1.5,3.2162,0.11872,0.034276,0.00086368,71.16300890909089,70.96653381818182,70.33395536363636,72.88291136363637,72.89811781818183,72.67163645454546,73.92478345454548,71.16300890909089,71.16300890909089
17040.0,12780.0,0.825,1.5,3.3806,0.10925,0.033601,0.00088931,68.793918,69.388352,69.470319,70.839275,71.159936,71.25709099999999,72.85023799999999,68.793918,68.793918
12780.0,17040.0,0.825,1.5,1.4212,0.084975,0.017673,0.00063936,66.703918,66.14835200000002,64.82031900000001,67.939275,68.27993599999999,67.647091,67.870238,66.703918,66.703918
12780.0,12780.0,1.1,1.5,2.0898,0.049081,0.016975,0.00038435,60.773917999999995,62.058352,61.540319,62.339275,63.71993599999998,61.687090999999995,63.380238,60.773917999999995,60.773917999999995
17040.0,17040.0,1.1,1.5,3.6589,0.056743,0.030609,0.00050223,69.76300890909091,68.57562472727273,68.17031900000002,69.1101840909091,70.67993600000001,71.04436372727272,69.91569254545453,69.76300890909091,69.76300890909091
17040.0,12780.0,1.1,1.5,3.499,0.040035,0.029821,0.00016972,66.76391799999999,67.978352,67.140319,68.109275,69.84993600000001,69.157091,69.600238,66.76391799999999,66.76391799999999
12780.0,0.0,1.1,1.5,2.043,0.056788,0.019767,0.00045457,53.793918,53.688351999999995,55.670319000000006,57.08927500000001,55.60993599999999,55.66709099999999,55.680237999999996,53.793918,53.793918
17040.0,0.0,1.1,1.5,3.7575,0.1074,0.035017,0.00067896,60.153918,63.248352000000004,61.0612280909091,64.26472954545453,65.39811781818183,62.98072736363636,61.90660163636364,60.153918,60.153918
0.0,12780.0,1.1,1.5,0.21732,0.00088805,0.0068962,3.314,55.393918,57.33835200000001,55.17031899999999,55.75927499999999,57.509936,56.427091,57.640238,55.393918,55.393918
0.0,17040.0,1.1,1.5,0.36685,0.047957,0.011864,0.00027984,64.79028163636363,62.40289745454547,60.41577354545455,63.79200227272727,64.26175418181819,63.817091,60.961147090909094,64.79028163636363,64.79028163636363
12780.0,17040.0,1.1,1.5,1.8006,0.014636,0.016167,0.00012884,65.6720998181818,64.28471563636364,62.688500818181815,65.72836590909093,66.30720872727274,65.34436372727272,64.54296527272727,65.6720998181818,65.6720998181818
12780.0,12780.0,0.0,0.25,3.0935,0.072448,0.013144,0.00058108,60.023917999999995,60.428352,60.880319,62.16927499999999,62.16993599999999,63.507091,64.730238,60.023917999999995,60.023917999999995
17040.0,17040.0,0.0,0.25,3.6842,0.14006,0.014983,0.00094111,65.43391799999999,66.348352,66.040319,67.849275,69.709936,69.81709099999999,71.22023800000001,65.43391799999999,65.43391799999999
17040.0,12780.0,0.0,0.25,3.7143,0.19891,0.02635,0.0014424,63.773918,65.618352,63.480318999999994,66.52927499999998,66.879936,68.047091,67.220238,63.773918,63.773918
12780.0,17040.0,0.0,0.25,1.7633,0.085394,0.0027804,0.00062379,64.64391799999999,63.70835199999999,62.86031899999999,66.039275,67.049936,68.92709099999999,68.030238,64.64391799999999,64.64391799999999
12780.0,12780.0,0.275,0.25,0.94924,0.11958,0.0083007,0.00090216,64.573918,65.718352,64.790319,66.159275,67.539936,65.977091,67.27023799999999,64.573918,64.573918
17040.0,17040.0,0.275,0.25,2.091,0.15656,0.024633,0.00113,72.69937254545455,71.77562472727273,73.35213718181818,74.51018409090908,74.92539054545455,76.78072736363634,76.44296527272728,72.69937254545455,72.69937254545455
17040.0,12780.0,0.275,0.25,2.5771,0.13395,0.029525,0.0010413,70.10391800000001,69.338352,70.390319,71.549275,72.67993600000003,72.14709099999997,72.940238,70.10391800000001,70.10391800000001
12780.0,17040.0,0.275,0.25,1.0447,0.11619,0.0047822,0.00074489,68.863918,70.15835200000001,69.13031900000001,70.84927499999999,72.209936,71.107091,70.48023800000001,68.863918,68.863918
12780.0,12780.0,0.55,0.25,0.99918,0.15792,0.017802,0.001151,70.05391799999998,71.09835199999999,70.31031899999999,72.109275,72.02993599999999,71.677091,74.96023800000002,70.05391799999998,70.05391799999998
17040.0,17040.0,0.55,0.25,2.4156,0.17848,0.035254,0.0012694,79.57209981818181,80.78471563636361,78.26122809090909,81.71018409090908,83.23448145454545,80.89890918181818,84.62478345454545,79.57209981818181,79.57209981818181
17040.0,12780.0,0.55,0.25,2.6971,0.16754,0.038237,0.0013214,76.05391800000001,77.84835199999999,75.19759172727274,78.58291136363637,79.86175418181818,77.117091,80.87932890909092,76.05391800000001,76.05391800000001
12780.0,17040.0,0.55,0.25,1.1036,0.11858,0.020952,0.00083837,73.533918,75.078352,74.24031900000001,75.879275,75.77993599999999,76.127091,78.940238,73.533918,73.533918
12780.0,12780.0,0.825,0.25,1.558,0.12077,0.021924,0.00090608,65.693918,67.51835200000002,67.00031899999999,66.999275,69.40993599999999,68.21709100000001,68.580238,65.693918,65.693918
17040.0,17040.0,0.825,0.25,3.384,0.10262,0.037516,0.00070822,73.05391800000001,74.35744290909089,73.57940990909091,75.02836590909091,76.67084509090908,76.12618190909092,75.37023799999999,73.05391800000001,73.05391800000001
17040.0,12780.0,0.825,0.25,3.2306,0.098204,0.036247,0.00065842,71.89028163636364,73.83017018181818,72.59759172727273,73.13745681818182,75.69811781818181,73.85345463636364,75.02478345454546,71.89028163636364,71.89028163636364
12780.0,17040.0,0.825,0.25,1.8017,0.067174,0.017739,0.00054567,66.26391800000002,67.73835199999999,67.50031900000002,69.349275,70.399936,70.83709100000002,69.740238,66.26391800000002,66.26391800000002
12780.0,12780.0,1.1,0.25,2.027,0.033361,0.010193,0.00020931,60.523918,62.178352000000004,61.240319,61.539274999999996,62.869935999999996,62.93709100000001,62.610237999999995,60.523918,60.523918
17040.0,17040.0,1.1,0.25,3.9802,0.028285,0.026181,0.00017794,65.06300890909091,67.13017018181817,67.20668263636364,69.17382045454545,70.26175418181818,71.13527281818182,69.59751072727273,65.06300890909091,65.06300890909091
17040.0,12780.0,1.1,0.25,3.8731,0.023732,0.029232,8.0256,64.40846345454544,66.93017018181818,65.95213718181819,67.119275,69.54357236363637,67.42618190909091,68.47932890909091,64.40846345454544,64.40846345454544
12829.0,0.0,1.1,0.25,1.7644,0.066102,0.016943,0.00055185,52.553917999999996,54.548351999999994,55.297591727272724,56.819275,55.970845090909094,55.035272818181824,55.442965272727264,52.553917999999996,52.553917999999996
17106.0,0.0,1.1,0.25,3.8781,0.10848,0.034943,0.00079299,59.87209981818182,60.53017018181818,59.86122809090909,64.33745681818182,65.66175418181818,61.97163645454546,63.942965272727264,59.87209981818182,59.87209981818182
0.0,12829.0,1.1,0.25,0.10594,0.025433,0.0090418,0.00016207,56.923918,57.228351999999994,55.880319,57.55927499999999,57.629936,58.297091,60.52023799999999,56.923918,56.923918
0.0,17106.0,1.1,0.25,0.19965,0.038281,0.012448,0.00023299,61.113918,58.938351999999995,59.140319,61.009275,64.649936,65.08709099999999,62.480237999999986,61.113918,61.113918
12780.0,17040.0,1.1,0.25,2.1812,0.042404,0.01697,0.00033059,61.62391799999999,62.108352000000004,63.300319,65.37927499999998,63.80993600000001,66.837091,65.020238,61.62391799999999,61.62391799999999
12780.0,12780.0,0.0,0.875,2.1857,0.13154,0.0084144,0.00095046,66.973918,67.90835200000001,67.550319,68.739275,68.46993599999999,68.747091,71.870238,66.973918,66.973918
17040.0,17040.0,0.0,0.875,2.644,0.20221,0.034021,0.0015467,75.71755436363637,76.62107927272727,75.43395536363637,77.16472954545453,77.77993599999999,77.29890918181817,80.36114709090909,75.71755436363637,75.71755436363637
17040.0,12780.0,0.0,0.875,3.5447,0.23124,0.032123,0.0016826,70.003918,70.878352,70.330319,71.76927500000001,72.179936,71.597091,74.87023800000001,70.003918,70.003918
12780.0,17040.0,0.0,0.875,0.76175,0.11235,0.015241,0.0008483,72.18119072727272,73.06653381818181,72.33395536363636,74.02836590909091,73.71629963636363,74.46254554545455,76.87932890909092,72.18119072727272,72.18119072727272
12780.0,12780.0,0.275,0.875,0.86428,0.13183,0.0076491,0.00083945,65.453918,66.428352,65.600319,67.519275,67.899936,66.077091,70.250238,65.453918,65.453918
17040.0,17040.0,0.275,0.875,1.9199,0.14959,0.022787,0.0011262,73.16300890909089,72.70289745454546,73.9612280909091,75.3374568181818,75.91629963636363,76.317091,77.33387436363637,73.16300890909089,73.16300890909089
17040.0,12780.0,0.275,0.875,2.3059,0.15763,0.030849,0.0011771,70.783918,69.758352,70.61031899999999,73.33927500000001,72.479936,73.417091,75.210238,70.783918,70.783918
12780.0,17040.0,0.275,0.875,0.48172,0.0966,0.0083335,0.00067353,69.183918,69.878352,69.24031900000001,71.55927499999999,72.74993599999999,70.73709099999999,73.360238,69.183918,69.183918
12780.0,12780.0,0.55,0.875,1.1502,0.14287,0.015768,0.0010122,65.803918,65.688352,63.93031900000001,67.559275,67.27993599999999,66.027091,69.930238,65.803918,65.803918
17040.0,17040.0,0.55,0.875,2.5298,0.15818,0.029892,0.0012188,75.49028163636363,75.93017018181818,75.28850081818183,79.54654772727271,78.87993599999999,79.44436372727273,80.65205618181818,75.49028163636363,75.49028163636363
17040.0,12780.0,0.55,0.875,3.0349,0.10991,0.028512,0.00082782,71.853918,71.9301701818182,72.00668263636364,75.64654772727273,74.54357236363636,75.32618190909089,76.53387436363637,71.853918,71.853918
12780.0,17040.0,0.55,0.875,0.91551,0.14517,0.018081,0.0010068,69.18391799999999,69.758352,67.90031900000001,71.94927500000001,71.97993600000001,70.647091,74.150238,69.18391799999999,69.18391799999999
12780.0,12780.0,0.825,0.875,1.5998,0.10609,0.019161,0.00070531,63.943918,64.74835200000001,63.850319,65.15927500000001,66.749936,64.31709099999999,67.210238,63.943918,63.943918
17040.0,17040.0,0.825,0.875,3.4032,0.11928,0.036364,0.00093572,70.58119072727273,70.63926109090909,71.64304627272728,72.819275,73.66175418181818,73.84436372727272,73.24296527272728,70.58119072727273,70.58119072727273
17040.0,12780.0,0.825,0.875,3.3321,0.098918,0.034185,0.00067224,69.94482709090909,70.30289745454547,70.94304627272727,71.30109318181819,72.71629963636364,72.38072736363637,73.53387436363636,69.94482709090909,69.94482709090909
12780.0,17040.0,0.825,0.875,1.4983,0.083111,0.019924,0.00064064,64.54482709090908,64.93926109090908,64.42486445454546,67.30109318181819,67.95266327272728,67.41709100000001,67.41569254545453,64.54482709090908,64.54482709090908
12780.0,12780.0,1.1,0.875,1.6719,0.031554,0.013641,0.00011926,60.473918000000005,61.12835200000001,60.760319,61.099275,62.369935999999996,61.367091,62.810238000000005,60.473918000000005,60.473918000000005
17040.0,17040.0,1.1,0.875,3.6859,0.029259,0.029525,0.00017403,67.65391799999999,68.11198836363634,66.29759172727273,70.16472954545453,70.73448145454545,69.48981827272728,69.16114709090908,67.65391799999999,67.65391799999999
17040.0,12780.0,1.1,0.875,3.5738,0.083314,0.033823,0.00058153,65.40846345454544,66.92107927272727,65.58850081818183,67.27382045454546,69.08902690909092,67.79890918181819,68.13387436363637,65.40846345454544,65.40846345454544
